PARK_NAME,ZIP
Lakeline Neighborhood Park,78613
Onion Creek Wildlife Sanctuary,78617
Dry Creek Greenbelt,78617
Stoney Ridge Neighborhood Park,78617
Old Moore's Crossing Neighborhood Park,78617
Elroy Neighborhood Park,78617
Wunneburger Park,78652
Old San Antonio Park,78652
Janet Long Fish Park,78660
Springbrook Driving Range,78664
Waller Creek Greenbelt,78701
Waller Beach at Town Lake Metro Park,78701
Heath Eiland and Morgan Moss BMX Skate Park,78701
Shoal Beach at Town Lake Metro Park,78701
Republic Square,78701
Wooldridge Square,78701
Old Bakery,78701
Margaret Hoffman Oak Park,78701
Waterloo Neighborhood Park,78701
Sir Swante Palm Neighborhood Park,78701
Austin Recreation Center,78701
Symphony Square,78701
Duncan Neighborhood Park,78701
Millennium Center,78702
Oakwood Annex Cemetery,78702
Oakwood Cemetery,78702
Downs Mabson Fields,78702
George Washington Carver Museum,78702
Metz Neighborhood Park,78702
Sanchez School Park,78702
Holly Shores at Town Lake Metro Park,78702
Kealing School Park,78702
Oswaldo A.B. Cantu/Pan-American Recreation Center,78702
Oak Springs School Park,78702
Manuel and Robert Donley Pocket Park,78702
Lott Pocket Park,78702
Chestnut Pocket Park,78702
Colorado River Park WIldlife Sanctuary,78702
Parque Zaragoza Neighborhood Park,78702
Swede Hill Pocket Park,78702
Rosewood Neighborhood Park,78702
Boggy Creek Greenbelt,78702
Conley-Guerrero Senior Activity Center,78702
Comal Pocket Park,78702
Westenfield Neighborhood Park,78703
Tarrytown Neighborhood Park,78703
Veterans Pocket Park,78703
Walsh Boat Landing,78703
Hartford Planting Strip,78703
Haskell House,78703
Lamar Beach at Town Lake Metro Park,78703
Reed Neighborhood Park,78703
West Austin Neighborhood Park,78703
Mayfield Nature Preserve,78703
Mary Frances Baylor Clarksville Pocket Park,78703
Palma Plaza Triangle Pocket Park,78703
Pease District Park,78703
Hartford Triangle,78703
Austin High Tennis Center,78703
Eilers (Deep Eddy) Neighborhood Park,78703
Caldwell Treaty Oak Park,78703
Harris Triangle,78703
Mayfield House,78703
Vic Mathias Shores at Town Lake Metro Park,78704
West Bouldin Creek Greenbelt,78704
The Circle ROW Greenbelt,78704
South Austin Senior Activity Center,78704
Blunn Creek Nature Preserve,78704
Little Stacy Neighborhood Park,78704
South Austin Tennis Center,78704
South Austin Neighborhood Park,78704
Umlauf Sculpture Garden,78704
Little Zilker Neighborhood Park,78704
South Austin Island,78704
Norwood Tract at Town Lake Metro Park,78704
Mary Dawson Pocket Park,78704
Tom Lasseter-South Lamar Neighborhood Park,78704
Ricky Guerrero Pocket Park,78704
Gillis Neighborhood Park,78704
Nicholas Dawson Neighborhood Park,78704
Auditorium Shores at Town Lake Metro Park,78704
Butler Metro Park,78704
Dougherty Arts Center,78704
Blunn Creek Greenbelt,78704
Blunn Creek Pocket Park,78704
East Bouldin Creek Greenbelt,78704
Big Stacy Neighborhood Park,78704
Butler Shores at Town Lake Metro Park,78704
Barton Hills School Park,78704
Caswell Tennis Center,78705
Sparky Pocket Park,78705
Lamar Senior Activity Center,78705
Adams-Hemphill Neighborhood Park,78705
Bailey Neighborhood Park,78705
Eastwoods Neighborhood Park,78705
Brushy Creek Greenbelt,78717
Norman School Park,78721
Plummers Cemetery,78721
Ortega School Park,78721
Springdale Neighborhood Park,78721
Givens District Park,78721
Govalle Neighborhood Park,78721
Evergreen Cemetery,78721
East Boggy Creek Greenbelt,78721
Astor Place Pocket Park,78721
Patterson Neighborhood Park,78722
"Burnett ""Blondie"" Pharr Tennis Center",78722
Cherrywood Pocket Park,78722
Alamo Pocket Park,78722
Pecan Springs School Park,78723
Tannehill Creek Greenbelt,78723
J.J. Seabrook Greenbelt,78723
Little Walnut Creek District Park,78723
Morris Williams Golf Course,78723
Bartholomew District Park,78723
Schieffer Tract,78723
Dottie Jordan Neighborhood Park,78723
Earl J. Pomerleau Pocket Park,78723
Andrews School Park,78723
Walnut Creek Sports Park,78724
Meadows at Trinity Crossing Neighborhood Park,78724
Colony District Park,78724
Big Walnut Creek Nature Preserve,78724
Davis/White Northeast Neighborhood Park,78724
Bolm Road District Park,78725
Knollwood Neighborhood Park,78725
Austin's Colony Neighborhood Park,78725
John Trevino Jr. Metro Park at Morrison Ranch,78725
Colorado/Walnut Greenbelt,78725
Trailhead Neighborhood Park,78726
Wells Creek Greenbelt,78727
Yett Creek Neighborhood Park,78727
Riata Neighborhood Park,78727
Scofield Farms Neighborhood Park,78727
Springwoods Neighborhood Park,78729
Forest North Neighborhood Park,78729
Murchison Pool,78731
North Cat Mountain Greenbelt,78731
Gilbert-Davis Tract,78731
Stillhouse Hollow Nature Preserve,78731
Northwest Recreation Center,78731
Seider Springs Greenbelt,78731
Perry Neighborhood Park,78731
Gregg Hill Pocket Park,78731
Lower Bull Creek Greenbelt,78731
Shinoak Valley Greenbelt,78731
Doss School Park,78731
Bull Creek District Park,78731
Austin Memorial Park Cemetery,78731
Brush Square Triangle,78731
Covert Park at Mount Bonnell,78731
Barrow Nature Preserve,78731
Commons Ford Ranch Metro Park,78733
Oakhill Neighborhood Park,78735
Gaines Greenbelt,78735
Gaines Creek Neighborhood Park,78735
Lewis Mountain Ranch Neighborhood Park,78737
Hielscher Tract Greenbelt,78739
Southland Oaks Neighborhood Park,78739
Grey Rock Golf Course,78739
Circle C Ranch Metro Park,78739
Roy G. Guerrero Colorado River Metro Park,78741
Heritage Oaks Neighborhood Park,78741
Longhorn Shores at Town Lake Metro Park,78741
Yates Pocket Park,78741
Lakeshore at Town Lake Metro Park,78741
Montopolis Neighborhood Park,78741
International Shores at Town Lake Metro Park,78741
Mabel Davis District Park,78741
Montopolis Practice Fields,78741
Peace Point at Town Lake Metro Park,78741
Central Maintenance Complex at Town Lake Metro Park,78741
Civitan Neighborhood Park,78741
Country Club Creek Greenbelt,78741
Springfield Neighborhood Park,78744
Houston School Park,78744
Kendra Page Neighborhood Park,78744
Ponciana Neighborhood Park,78744
Onion Creek Soccer Complex,78744
Marble Creek Greenbelt,78744
Dove Springs District Park,78744
Jimmy Clay Golf Course,78744
Roy Kizer Golf Course,78744
Franklin Neighborhood Park,78744
Williamson Creek East Greenbelt,78744
Williamson Creek Central Greenbelt,78745
South Boggy Creek Greenbelt,78745
Piney Bend Neighborhood Park,78745
Odom School Park,78745
Stephenson Nature Preserve & Outdoor Education Center,78745
Longview Neighborhood Park,78745
Joslin Neighborhood Park,78745
Battle Bend Neighborhood Park,78745
St. Elmo School Park,78745
Ellen Higgins Pocket Park,78745
Garrison District Park,78745
Davis Hill Neighborhood Park,78745
Armadillo Neighborhood Park,78745
Cunningham School Park,78745
Zilker Nature Preserve,78746
Stratford Overlook Greenbelt,78746
Zilker Metro Park,78746
Red Bud Isle,78746
Gaines Park,78746
Grand Meadow Neighborhood Park,78747
Old San Antonio Greenbelt,78748
Williams School Park,78748
Silk Oak Neighborhood Park,78748
South Park Meadows Greenbelt,78748
Slaughter Creek at Twin Oaks Greenbelt,78748
Nuckols Crossing of Slaughter Creek Greenbelt,78748
Dittmar District Park,78748
Cherry Creek Neighborhood Park,78748
Mary Moore Searight Metro Park,78748
Westcreek Pocket Park,78749
Williamson Creek West Greenbelt,78749
Goat Cave Karst Nature Preserve,78749
Legend Oaks Neighborhood Park,78749
Deer Park at Maple Run Preserve,78749
Sendera Mesa Neighborhood Park,78749
Dick Nichols District Park,78749
Latta Branch Greenbelt,78749
Blowing Sink Research Management Area,78749
Archstone Greenbelt,78749
Convict Hill Quarry Neighborhood Park,78749
Mountain View Neighborhood Park,78750
Tanglewood Neighborhood Park,78750
Northwest Balcones Neighborhood Park,78750
St. Edwards Greenbelt,78750
Pickfair Pocket Park,78750
Canyon Vista Pool,78750
Triangle Commons Neighborhood Park,78751
Elizabet Ney Museum,78751
Hancock Golf Course,78751
Shipe Neighborhood Park,78751
St. John's Pocket Park,78752
Highland Neighborhood Park,78752
Meadowview Triangle,78752
T.A. Brown School Park,78752
Reilly School Park,78752
Crestland Triangle,78752
Buttermilk Neighborhood Park,78752
Buttermilk Branch Greenbelt,78752
Oertli Neighborhood Park,78753
"Gustavo ""Gus"" L. Garcia District Park",78753
North Oaks Neighbohood Park,78753
North Acres Neighborhood Park,78753
Georgian Acres Neighborhood Park,78753
Barrington School Park,78753
Copperfield Neighborhood Park,78753
Brownie Pocket Park,78753
Harris Branch Neighborhood Park,78754
Ramsey Neighborhood Park,78756
Beverly S. Sheffield Northwest District Park,78757
Lucy Read School Park,78757
Pillow School Park,78757
Gullett School Park,78757
Wooten Neighborhood Park,78757
Ryan Planting Strip,78757
Hall/Goodnight Planting Strip,78757
Brentwood Neighborhood Park,78757
Walnut Creek Metro Park,78758
Kennemer Pool,78758
Wooldridge School Park,78758
Payton Gin Pocket Park,78758
Ron Rigsby Pocket Park,78758
North Star Greenbelt,78758
Quail Creek Neighborhood Park,78758
Gracywoods Neighborhood Park,78758
North Austin Recreation Center/YMCA,78758
Alderbrook Pocket Park,78758
Cook School Park,78758
Hill School Park,78759
Maggie Boatright Area of the Bull Creek Greenbelt,78759
Oakview Neighborhood Park,78759
Hubert C. Schroeter Neighborhood Park,78759
Great Hills Neighborhood Park,78759
Steck Valley Greenbelt,78759
Balcones District Park,78759
