NB,ZipCode
Central Bronx,"10453, 10457, 10460"
Bronx Park and Fordham,"10458, 10467, 10468"
High Bridge and Morrisania,"10451, 10452, 10456"
Hunts Point and Mott Haven,"10454, 10455, 10459, 10474"
Kingsbridge and Riverdale,"10463, 10471"
Northeast Bronx,"10466, 10469, 10470, 10475"
Southeast Bronx,"10461, 10462,10464, 10465, 10472, 10473"
Central Brooklyn,"11212, 11213, 11216, 11233, 11238"
Southwest Brooklyn,"11209, 11214, 11228"
Borough Park,"11204, 11218, 11219, 11230"
Canarsie and Flatlands,"11234, 11236, 11239"
Southern Brooklyn,"11223, 11224, 11229, 11235"
Northwest Brooklyn,"11201, 11205, 11215, 11217, 11231"
Flatbush,"11203, 11210, 11225, 11226"
East New York and New Lots,"11207, 11208"
Greenpoint,"11211, 11222"
Sunset Park,"11220, 11232"
Bushwick and Williamsburg,"11206, 11221, 11237"
Central Harlem,"10026, 10027, 10030, 10037, 10039"
Chelsea and Clinton,"10001, 10011, 10018, 10019, 10020, 10036"
East Harlem,"10029, 10035"
Gramercy Park and Murray Hill,"10010, 10016, 10017, 10022"
Greenwich Village and Soho,"10012, 10013, 10014"
Lower Manhattan,"10004, 10005, 10006, 10007, 10038, 10280"
Lower East Side,"10002, 10003, 10009"
Upper East Side,"10021, 10028, 10044, 10065, 10075, 10128"
Upper West Side,"10023, 10024, 10025"
Inwood and Washington Heights,"10031, 10032, 10033, 10034, 10040"
Northeast Queens,"11361, 11362, 11363, 11364"
North Queens,"11354, 11355, 11356, 11357, 11358, 11359, 11360"
Central Queens,"11365, 11366, 11367"
Jamaica,"11412, 11423, 11432, 11433, 11434, 11435, 11436"
Northwest Queens,"11101, 11102, 11103, 11104, 11105, 11106"
West Central Queens,"11374, 11375, 11379, 11385"
Rockaways,"11691, 11692, 11693, 11694, 11695, 11697"
Southeast Queens,"11004, 11005, 11411, 11413, 11422, 11426, 11427, 11428, 11429"
Southwest Queens,"11414, 11415, 11416, 11417, 11418, 11419, 11420, 11421"
West Queens,"11368, 11369, 11370, 11372, 11373, 11377, 11378"
Port Richmond,"10302, 10303, 10310"
South Shore,"10306, 10307, 10308, 10309, 10312"
Stapleton and St. George,"10301, 10304, 10305"
Mid-Island,10314
Cathedral District,60611
Central Station,60605
Dearborn Park,60605
Gold Coast,"60610, 60611"
Loop,"60601, 60602, 60603, 60604, 60605, 60606, 60607, 60616"
Magnificent Mile,60611
Museum Campus,60605
Near North Side,"60610, 60611, 60642, 60654"
Near West Side,"60606, 60607, 60608, 60610, 60612, 60661"
New East Side,60601
Noble Square,60622
Old Town,60610
Printers Row,60605
Randolph Market,"60607, 60661"
River East,60611
River North,"60611, 60654"
River West,"60622, 60610"
South Loop,"60605, 60607, 60608, 60616"
Streeterville,60611
Tri-Taylor,60612
Ukrainian Village,"60622, 60612"
West Loop,60607
West Town,"60612, 60622, 60642, 60647"
Wicker Park,60622
Alta Vista Terrace,60613
Belmont Harbor,60657
Boys Town,"60613, 60657"
Bucktown,"60647, 60622, 60614"
DePaul,60614
Lakeview,"60657, 60613"
Lakeview Central,60657
Lakeview East,"60657, 60613"
Lincoln Park,"60614, 60610"
Lincoln Square,60625
North Center,"60618, 60613"
North Halsted,"60613, 60657"
Old Town Triangle,60614
Park West,60614
Ranch Triangle,60614
Roscoe Village,"60618, 60657"
Sheffield,60614
Uptown,60640
West DePaul,60614
Wrightwood Neighbors,60614
Wrigleyville,60613
 Andersonville,60640
 Budlong Woods,60625
 Buena Park,"60613, 60640"
 East Ravenswood,"60613, 60640"
 Edgewater,"60640, 60660"
 Edgewater Glen,"60660, 60640"
 Edison Park,60631
 Middle Edgebrook,"60630, 60646"
 North Edgebrook,"60630, 60646"
 Old Irving Park,60641
 Peterson Park,60659
 Ravenswood,"60640, 60625, 60613"
 West Ridge,"60645, 60659"
 West Rogers Park,"60645, 60659, 60660"
 Albany Park,60625
Avondale ,60618
Belmont Gardens,"60641, 60639"
Forest Glen,60630
Irving Park,60618
Jefferson Park,60630
Mayfair,60630
North Park,60625
Norwood Park,60631
Old Edgebrook,60646
Old Norwood Park,60631
Portage Park,"60634, 60641"
Ravenswood Manor,60625
Sauganash,"60646, 60630"
Sauganash Woods,60630
Schorsch Forest View,60656
South Edgebrook,60646
Union Ridge,60656
Downtown,"78701, 78702, 78703"
South Central,78704
East Central,"78702, 78722, 78723"
West Central,"78703, 78731"
Southwest,"78735, 78736, 78739, 78745, 78748, 78749, 78752"
North Central,"78731, 78752, 78757, 78759"
Northwest,"78726, 78727, 78750, 78759"
Northeast,"78753, 78754"
Southeast,"78744, 78747"
Central,"78701, 78702, 78703, 78704, 78705, 78712, 78722, 78731, 78741, 78746, 78751, 78752, 78756, 78757"
North,"78727, 78728, 78753, 78758"
South,"78652, 78745, 78748"
East,"78702, 78722, 78723, 78724"
West,"78730, 78732"
Westlake Hills,78746
Hayes Valley/Tenderloin/North of Market,94102
South of Market,94103
Potrero Hill,94107
Chinatown,94108
Polk/Russian Hill (Nob Hill),94109
Inner Mission/Bernal Heights,94110
Ingelside-Excelsior/Crocker-Amazon,94112
Castro/Noe Valley,94114
Western Addition/Japantown,94115
Parkside/Forest Hill,94116
Haight-Ashbury,94117
Inner Richmond,94118
Outer Richmond,94121
Sunset,94122
Marina,94123
Bayview-Hunters Point,94124
St. Francis Wood/Miraloma/West Portal,94127
Twin Peaks-Glen Park,94131
Lake Merced,94132
North Beach/Chinatown,94133
Visitacion Valley/Sunnydale,94134
Florence/South Central (City of LA),90001
Watts (City of LA),90002
South Central (City of LA),90003
Hancock Park (City of LA),90004
Koreatown (City of LA),90005
Pico Heights (City of LA),90006
South Central (City of LA),90007
Baldwin Hills/Crenshaw (City of LA)/Leimert Park (City of LA),90008
Airport Worldway (City of LA),90009
Wilshire Blvd (City of LA),90010
South Central (City of LA),90011
Civic Center (City of LA)/Chinatown (City of LA),90012
Downtown Los Angeles (City of LA),90013
Los Angeles,90014
Downtown Los Angeles (City of LA),90015
West Adams (City of LA),90016
Downtown Los Angeles (City of LA),90017
Jefferson Park (City of LA),90018
Country Club Park (City of LA)/Mid City (City of LA),90019
Hancock Park (City of LA),90020
Downtown Los Angeles (City of LA),90021
East Los Angeles,90022
East Los Angeles (City of LA),90023
Westwood (City of LA),90024
Sawtelle (City of LA)/West Los Angeles (City of LA),90025
Echo Park/Silverlake (City of LA),90026
Griffith Park (City of LA)/Los Feliz (City of LA),90027
Hollywood (City of LA),90028
Downtown Los Angeles (City of LA),90029
Terminal Annex (City of LA),90030
Montecito Heights (City of LA),90031
El Sereno (City of LA)/Monterey Hills (City of LA),90032
Boyle Heights (City of LA),90033
Palms (City of LA),90034
West Fairfax (City of LA),90035
Park La Brea (City of LA),90036
South Central (City of LA),90037
Hollywood (City of LA),90038
Atwater Village (City of LA),90039
"Commerce, City of",90040
Eagle Rock (City of LA),90041
Highland Park (City of LA),90042
Hyde Park (City of LA)/View Park/Windsor Hills,90043
Athens,90044
LAX Area (City of LA)/Westchester (City of LA),90045
Mount Olympus (City of LA),90046
South Central (City of LA),90047
West Beverly (City of LA),90048
Bel Air Estates (City of LA)/Brentwood (City of LA),90049
Los Angeles,90050
Los Angeles,90051
Los Angeles,90052
Los Angeles,90053
Los Angeles,90054
Los Angeles,90055
Ladera Heights (City of LA),90056
Westlake (City of LA),90057
Vernon,90058
Watts (City of LA)/Willowbrook,90059
Los Angeles,90060
South Central (City of LA),90061
South Central (City of LA),90062
City Terrace,90063
Cheviot Hills (City of LA)/Rancho Park (City of LA),90064
Cypress Park (City of LA)/Glassell Park (City of LA)/Mt. Washin,90065
Mar Vista (City of LA),90066
Century City (City of LA),90067
Hollywood (City of LA),90068
West Hollywood,90069
Los Angeles,90070
ARCO Towers (City of LA),90071
Los Angeles,90072
VA Hospital (Sawtelle),90073
Los Angeles,90075
Los Angeles,90076
Bel Air Estates & Beverly Glen (City of LA),90077
Los Angeles,90078
Los Angeles,90079
Airport Worldway (City of LA),90080
Los Angeles,90081
Los Angeles,90082
Los Angeles,90083
Los Angeles,90086
Los Angeles,90087
USC (City of LA),90089
Los Angeles,90091
Los Angeles,90093
Playa Vista,90094
Los Angeles,90095
Los Angeles,90099
Bell/Bell Gardens/Cudahy,90201
Bell Gardens,90202
Beverly Hills,90209
Beverly Hills/Beverly Glen (City of LA),90210
Beverly Hills,90211
Beverly Hills,90212
Beverly Hills,90213
Compton/Rancho Dominguez,90220
East Rancho Dominguez,90221
Compton/Rosewood/Willowbrook,90222
Compton,90223
Compton,90224
Culver City,90230
Culver City,90231
Culver City,90232
Culver City,90233
Downey,90239
Downey,90240
Downey,90241
Downey,90242
El Segundo,90245
Gardena,90247
Gardena,90248
Gardena,90249
Hawthorne (Holly Park),90250
Hawthorne,90251
Hermosa Beach,90254
Huntington Park/Walnut Park,90255
Lawndale,90260
Lawndale (Federal Bldg),90261
Lynwood,90262
Pepperdine University (Malibu),90263
Malibu,90264
Malibu,90265
Manhattan Beach,90266
Manhattan Beach,90267
Maywood,90270
Castellemare (City of LA)/Pacific Highlands (City of LA)/Pacifi,90272
Palos Verdes Estates/Rolling Hills/Rolling Hills Estates,90274
Rancho Palos Verdes,90275
Redondo Beach/Torrance,90277
Redondo Beach/Torrance,90278
South Gate,90280
Topanga,90290
Venice (City of LA),90291
Marina del Rey,90292
Playa del Rey (City of LA),90293
Shadow Hills (City of LA)/Sunland (City of LA),91040
Sunland (City of LA),91041
Tujunga (City of LA),91042
Tujunga (City of LA),91043
Glendale (Verdugo City),91046
Arcadia,91066
Arcadia,91077
Pasadena,91101
Pasadena,91102
Pasadena,91103
Pasadena,91104
Pasadena,91105
Pasadena,91106
Pasadena,91107
San Marino,91108
Pasadena,91109
Pasadena,91114
Pasadena,91115
Pasadena,91116
Pasadena,91117
San Marino,91118
Pasadena (California Institute of Technology),91125
Pasadena (California Institute of Technology),91125
Pasadena (California Institute of Technology),91126
Pasadena (California Institute of Technology),91126
Glendale,91201
Glendale,91202
Glendale,91203
Glendale (Tropico),91204
Glendale (Tropico),91205
Glendale,91206
Glendale,91207
Glendale,91208
Glendale,91209
Galleria (Glendale),91210
La Crescenta,91214
Glendale,91221
Glendale,91222
Glendale,91224
Glendale,91225
Glendale,91226
Agoura/Oak Park,91301
Calabasas/Hidden Hills,91302
Canoga Park (City of LA),91303
Canoga Park (City of LA),91304
Canoga Park (City of LA),91305
Winnetka (City of LA),91306
West Hills (City of LA),91307
West Hills,91308
Canoga Park,91309
Castaic,91310
Chatsworth (City of LA),91311
Chatsworth,91313
Encino (City of LA),91316
Santa Clarita (Newhall),91321
Newhall,91322
Northridge (City of LA),91324
Northridge (City of LA),91325
Porter Ranch (City of LA),91326
Northridge,91327
Northridge,91328
"Northridge (City of LA), California State University",91330
"Northridge (City of LA), California State University",91330
Arleta (City of LA)/Pacoima (City of LA),91331
Arleta (City of LA)/Pacoima (City of LA),91331
Pacoima,91333
Pacoima,91334
Reseda (City of LA),91335
Reseda,91337
San Fernando,91340
San Fernando,91341
Lake View Terrace (City of LA)/Sylmar (City of LA),91342
North Hills (City of LA),91343
Granada Hills (City of LA),91344
Mission Hills (City of LA),91345
Mission Hills,91346
Agua Dulce/Saugus,91350
Santa Clarita (Canyon Country),91351
Sun Valley (City of LA),91352
Sun Valley,91353
Santa Clarita (Valencia),91354
Santa Clarita (Valencia),91355
Tarzana (City of LA),91356
Tarzana,91357
Westlake Village,91361
Westlake Village,91362
Woodland Hills (City of LA),91364
Woodland Hills,91365
Woodland Hills (City of LA),91367
Calabasas,91372
Agoura Hills,91376
Santa Clarita,91380
Stevenson Ranch,91381
Santa Clarita,91382
Santa Clarita,91383
Castaic,91384
Valencia,91385
Canyon Country,91386
Canyon Country,91387
Santa Clarita,91390
Sylmar,91392
North Hills,91393
Granada Hills,91394
Mission Hills,91395
Winnetka,91396
Van Nuys (City of LA),91401
Panorama City (City of LA),91402
Sherman Oaks (City of LA)/Van Nuys (City of LA),91403
Van Nuys (City of LA),91404
Van Nuys (City of LA),91405
Van Nuys (City of LA),91406
Van Nuys (City of LA),91407
Van Nuys (City of LA),91408
Van Nuys (City of LA),91409
Van Nuys,91410
Van Nuys (City of LA),91411
Panorama City (City of LA),91412
Sherman Oaks (City of LA),91413
Encino,91416
Sherman Oaks (City of LA)/Van Nuys (City of LA),91423
Encino,91426
Encino (City of LA),91436
Burbank,91501
Burbank,91502
Burbank,91503
Burbank (Glenoaks),91504
Burbank,91505
Burbank,91506
Burbank,91507
Burbank,91508
Burbank (Woodbury Univ.),91510
Burbank,91521
Burbank,91522
Burbank,91523
North Hollywood (City of LA),91601
North Hollywood (City of LA)/Toluca Lake (City of LA),91602
North Hollywood (City of LA),91603
North Hollywood (City of LA)/Studio City (City of LA),91604
North Hollywood,91605
North Hollywood,91606
North Hollywood (City of LA)/Valley Village (City of LA),91607
Universal City,91608
North Hollywood (City of LA),91609
