Name,ZIP
Broad Channel Wetlands,11693
Rockaway Beach Boardwalk,11692
Rockaway Freeway,11691
Rockaway Beach and Boardwalk,11691
Rockaway Community Park,11691
Seagirt Ave Wetlands,11559
Hook Creek Park,11559
Detective William T. Gunn Park,11426
Brookville Park,11413
Idlewild Park,11413
Belt Parkway,11413
Forest Park,11375
Elmjack Mall,11372
Mall Thirty Four XXXIV,11368
Kissena Corridor Park,11365
Cunningham Park,11364
Alley Pond Park,11361
John Golden Park,11360
Little Bay Park,11359
Powell's Cove Park,11356
College Point Fields,11354
Flushing Meadows Corona Park,11354
Flushing Meadows Corona Park,11355
Flushing Meadows Corona Park,11367
Flushing Meadows Corona Park,11368
Canarsie Park,11236
Canarsie Park,11239
Fresh Creek Nature Preserve,11236
Fresh Creek Nature Preserve,11239
Paerdegat Basin Park,11234
Paerdegat Basin Park,11236
Marine Park,11229
Marine Park,11234
Marine Park,11235
Coney Island Beach & Boardwalk,11224
Coney Island Beach & Boardwalk,11235
Leif Ericson Park,11219
Leif Ericson Park,11220
Ocean Parkway Malls,11218
Ocean Parkway Malls,11223
Ocean Parkway Malls,11224
Ocean Parkway Malls,11230
Ocean Parkway Malls,11235
Grand Army Plaza,11215
Grand Army Plaza,11217
Grand Army Plaza,11238
Lincoln Terrace / Arthur S. Somers Park,11213
Lincoln Terrace / Arthur S. Somers Park,11233
Eastern Parkway,11213
Eastern Parkway,11216
Eastern Parkway,11225
Eastern Parkway,11233
Eastern Parkway,11238
McCarren Park,11211
McCarren Park,11222
Flatbush Malls,11210
Flatbush Malls,11230
Dyker Beach Park,11209
Dyker Beach Park,11228
Shore Park and Parkway,11209
Shore Park and Parkway,11220
Spring Creek Park,11208
Spring Creek Park,11414
Spring Creek Park Addition,11208
Spring Creek Park Addition,11414
Spring Creek Park,11208
Spring Creek Park,11239
Spring Creek Park,11414
Belt Parkway/Shore Parkway,11208
Belt Parkway/Shore Parkway,11209
Belt Parkway/Shore Parkway,11214
Belt Parkway/Shore Parkway,11223
Belt Parkway/Shore Parkway,11228
Belt Parkway/Shore Parkway,11234
Belt Parkway/Shore Parkway,11235
Jackie Robinson Parkway,11207
Jackie Robinson Parkway,11375
Jackie Robinson Parkway,11385
Jackie Robinson Parkway,11415
Eastern Parkway Extension,11207
Eastern Parkway Extension,11233
Highland Park,11207
Highland Park,11208
Highland Park,11385
Highland Park,11207
Highland Park,11208
Highland Park,11385
Kings Highway Malls,11203
Kings Highway Malls,11210
Kings Highway Malls,11212
Kings Highway Malls,11229
Kings Highway Malls,11234
Fort Greene Park,11201
Fort Greene Park,11205
Brooklyn Bridge Park,11201
Brooklyn Bridge Park,11201
Brooklyn Bridge Park,11201
Brooklyn Bridge Park,11201
Brooklyn Bridge Park,11201
Grand Central Parkway Extension,11103
Grand Central Parkway Extension,11367
Grand Central Parkway Extension,11368
Grand Central Parkway Extension,11369
Grand Central Parkway Extension,11370
Grand Central Parkway Extension,11371
Grand Central Parkway Extension,11375
Hallets Cove Playground,11102
Hallets Cove Playground,11106
Jamaica Bay Park,11096
Jamaica Bay Park,11430
Jamaica Bay Park,11691
Grand Central Parkway,11004
Grand Central Parkway,11005
Grand Central Parkway,11362
Grand Central Parkway,11364
Grand Central Parkway,11367
Grand Central Parkway,11423
Grand Central Parkway,11426
Laurelton Parkway,11003
Laurelton Parkway,11580
Laurelton Parkway,11411
Laurelton Parkway,11422
Cross Island Parkway,11003
Cross Island Parkway,11357
Cross Island Parkway,11359
Cross Island Parkway,11360
Cross Island Parkway,11361
Cross Island Parkway,11362
Cross Island Parkway,11364
Van Cortlandt Park,10467
Van Cortlandt Park,10470
Van Cortlandt Park,10471
Van Cortlandt Park,10471
Van Cortlandt Park,10705
Brust Park,10463
Brust Park,10471
Henry Hudson Parkway,10463
Henry Hudson Parkway,10471
Riverdale Park,10463
Riverdale Park,10471
Seton Park,10463
Seton Park,10471
Fort Independence Playground,10463
Fort Independence Playground,10468
Heath Triangle,10463
Heath Triangle,10468
Riverbend Playground,10463
Riverbend Playground,10468
Marble Hill Playground,10463
Marble Hill Playground,10463
Hugh J. Grant Circle,10462
Hugh J. Grant Circle,10472
Pelham Bay Park,10461
Pelham Bay Park,10464
Pelham Bay Park,10465
Pelham Bay Park,10469
Pelham Bay Park,10475
Pelham Bay Park,10803
Hutchinson River Parkway,10461
Hutchinson River Parkway,10462
Hutchinson River Parkway,10465
Hutchinson River Parkway,10469
Hutchinson River Parkway,10475
Bronx River Parkway,10460
Bronx River Parkway,10466
Bronx River Parkway,10467
Bronx River Parkway,10470
Bronx River Parkway,10472
Bronx River Parkway,10473
Bronx River Parkway,10704
Virginia Park,10460
Virginia Park,10462
Starlight Park,10459
Starlight Park,10472
Concrete Plant Park,10459
Concrete Plant Park,10472
Mosholu Parkway,10458
Mosholu Parkway,10467
Pelham Parkway,10458
Pelham Parkway,10460
Pelham Parkway,10461
Pelham Parkway,10462
Pelham Parkway,10467
Pelham Parkway,10469
Crotona Park,10456
Crotona Park,10457
Crotona Park,10460
St. Mary's Park,10454
St. Mary's Park,10455
Aqueduct Walk,10453
Aqueduct Walk,10468
Walton Slope,10453
Walton Slope,10457
Mount Eden Malls,10452
Mount Eden Malls,10457
Bridge Park,10452
Bridge Park,10453
Arcilla Playground,10451
Arcilla Playground,10456
Macombs Dam Park,10451
Macombs Dam Park,10452
Freshkills Park,10312
Freshkills Park,10314
Meredith Woods,10309
Meredith Woods,10314
Wolfe's Pond Park,10309
Wolfe's Pond Park,10312
South Shore Country Club,10309
South Shore Country Club,10312
Crescent Beach Park,10308
Crescent Beach Park,10312
Conference House Park,10307
Conference House Park,10309
LaTourette Park & Golf Course,10306
LaTourette Park & Golf Course,10314
Franklin D. Roosevelt Boardwalk and Beach,10305
Franklin D. Roosevelt Boardwalk and Beach,10306
High Rock Park,10304
High Rock Park,10306
Manor Park,10304
Manor Park,10306
Alice Austen Park,10304
Alice Austen Park,10305
Willowbrook Parkway,10302
Willowbrook Parkway,10303
Willowbrook Parkway,10306
Willowbrook Parkway,10314
Deere Park,10301
Deere Park,10314
Clove Lakes Park,10301
Clove Lakes Park,10310
Snug Harbor Cultural Center,10301
Snug Harbor Cultural Center,10310
Richmond Parkway,10301
Richmond Parkway,10304
Richmond Parkway,10306
Richmond Parkway,10309
Richmond Parkway,10312
Richmond Parkway,10314
Reed's Basket Willow Swamp Park,10301
Reed's Basket Willow Swamp Park,10304
Bennett Rest,10033
Bennett Rest,10040
Inwood Hill Park,10033
Inwood Hill Park,10034
Fort Washington Park,10033
Fort Washington Park,10032
Fort Washington Park,10034
Broadway Malls,10031
Broadway Malls,10032
Recreational Area,10031
Recreational Area,10032
Stanley Isaacs Playground,10029
Stanley Isaacs Playground,10128
East River Esplanade,10028
East River Esplanade,10029
East River Esplanade,10035
East River Esplanade,10128
Riverside Park,10027
Riverside Park,10031
Adam Clayton Powell Jr. Malls,10026
Adam Clayton Powell Jr. Malls,10027
Adam Clayton Powell Jr. Malls,10030
Adam Clayton Powell Jr. Malls,10039
Broadway Malls,10025
Broadway Malls,10027
West Harlem Piers,10024
West Harlem Piers,10027
Joan Of Arc Park,10024
Joan Of Arc Park,10025
Central Park,10023
Central Park,10024
Central Park,10025
Riverside Park,10023
Riverside Park,10024
Riverside Park,10025
Broadway Malls,10023
Broadway Malls,10025
Broadway Malls,10024
Andrew Haswell Green Park,10022
Andrew Haswell Green Park,10065
East River Walk,10021
East River Walk,10028
East River Walk,10065
East River Walk,10075
Riverside Park South,10023
Riverside Park South,10019
Park Avenue Malls,10017
Park Avenue Malls,10022
Father Fagan Park,10012
Father Fagan Park,10013
Battery Park City,10007
Battery Park City,10013
Battery Park City,10280
The Battery,10004
The Battery,10280
Hudson Park,10001
The High Line,10001
Beach Channel Park,11694
Tribute Park,11694
Neponsit Mall,11694
Rockaway Beach,11694
Rockaway Beach,11694
Veterans' Circle,11694
Patricia A. Brackley Park,11694
Bayside Playground,11694
Park,11694
Seaside Playground,11694
Flight 587 Memorial Park,11694
Park at Beach 108 Street,11694
Gwirtzman Triangle,11694
Veterans Park,11693
Hammel Playground,11693
Beach Channel Playground,11693
Gene Gray Playground,11693
Broad Channel Park,11693
Broad Channel American Park,11693
Beach 59th St Playground,11692
Arverne Playground,11692
Cardozo Playground,11692
Almeda Playground,11692
Dubos Point Wildlife Sanctuary,11692
Brant Point Wildlife Sanctuary,11692
Vernam Barbadoes Peninsula,11692
Bayswater Park,11691
Beach 30th Street Playground,11691
Park,11691
Beach 17 Playground,11691
Beach 9 Playground,11691
Westbourne Playground,11691
Redfern Playground,11691
Grassmere Playground,11691
Conch Playground,11691
Lannett Playground,11691
Sorrentino Recreation Center,11691
Cornell Burial Ground,11691
Dr. Charles R. Drew Park,11436
Foch Sitting Area,11436
Playground One Forty,11436
Howard Von Dohlen Playground,11435
Norelli-Hargreaves Playground,11435
Hoover - Manton Playgrounds,11435
Norelli-Hargreaves Memorial Triangle,11435
Briarwood Playground,11435
Baisley Pond Park,11434
Railroad Park,11434
Rochdale Park,11434
North Rochdale Playground,11434
South Rochdale Playground,11434
Roy Wilkins Recreation Center,11434
Ashmead Park,11433
Proctor-Hopson Circle,11433
St. Albans Park,11433
Detective Keith L Williams Park,11433
Marconi Park,11433
Jamaica Playground,11433
Latimer Playground,11433
Brinkerhoff Mall,11433
Prospect Cemetery,11433
Rufus King Park,11432
Major Mark Park,11432
Midland Malls,11432
Captain Tilly Park,11432
Tepper Triangle,11432
Harvard Playground,11432
Joseph Austin Playground,11432
Queens Village Veterans Plaza,11429
Wayanda Park,11429
Pat Williams Playground,11429
Hempstead Ballfield,11429
Hempstead Bench Spread,11429
Litchhult Square,11429
Nakks Malls,11429
Father Reilly Square,11428
Bellaire Playground,11427
Clearview's Tail,11427
Alley Athletic Playground,11426
Breininger Park,11426
Castlewood Playground,11426
Bellerose Playground,11426
Queens Farm Park,11426
McLaughlin Playground,11423
Hollis Veterans Square,11423
Peters Field,11423
Haggerty Park,11423
Laurelton Playground,11422
Sunrise Playground,11422
Equity Park,11421
Legion Triangle,11421
Lt. Clinton L .Whiting Square,11421
Police Officer Edward Byrne Park,11420
Locust Grove Civic Triangle,11420
Southern Fields,11420
Lefferts Playground,11420
Frederick B. Judge Playground,11420
Catholic War Veterans Square,11420
David J O'Connell Square,11420
Sergeant Colyer Square,11420
"Phil ""Scooter"" Rizzuto Park",11419
Lt. Frank McConnell Park,11419
Jacob Riis Triangle,11418
Wellbrock Triangle,11417
Tudor Park,11417
Vito Locascio Field,11417
Police Officer Nicholas Demutiis Park,11417
Tudor Malls,11417
Corporal Ruoff Square,11417
John Adams Playground,11417
Centreville Playground,11417
Rocket Park,11417
Judge Angelo Graci Triangle,11417
Southside Burial Ground,11417
London Planetree Playground,11416
Ruoff Triangle,11416
Maurice A Fitzgerald Playground,11416
Ampere Playground,11416
Metro Triangle,11415
Eight Oaks Triangle,11415
Maple Grove Park,11415
Newcombe Square,11415
Gemini Fields,11414
Harold Schneiderman Playground,11414
Walter Ward Playground,11414
Springfield Park,11413
South Gate Mall,11413
225 Street Malls,11413
Locust Manor Playground,11413
Montbellier Park,11413
Springfield Park North,11413
Daniel M. O'Connell Playground,11412
Gladys Warren Triangle,11412
Hollis Playground,11412
Delphin H. Greene Playground,11411
Cambria Playground,11411
East Springfield Playground,11411
Grover Cleveland Playground,11385
Benninger Playground,11385
Clemens Triangle,11385
Glendale Veterans Triangle,11385
Myrtle Avenue Clemens Triangle,11385
Drumm Triangle,11385
Park,11385
Pinocchio Playground,11385
"""Uncle"" Vito E. Maranzano Glendale Playground",11385
Starr Playground,11385
Evergreen Park,11385
Mafera Park,11385
Rosemary's Playground,11385
Middle Village Playground,11379
Juniper Valley Park,11379
Middle Village Veterans Triangle,11379
Garlinge Triangle,11378
Luke J. Lang Square,11378
Federalist Triangle,11378
Frank Principe Park,11378
Hull Triangle,11378
Technical Sergeant Thomas J. Davey Triangle,11378
Whitefish Triangle,11378
Peter Chahales Park,11378
Frontera Park,11378
Sitting Area 127 CXXVII,11378
Sitting Area,11378
Quick Brown Fox Triangle,11378
Reiff Playground,11378
Park,11378
Copernicus Triangle,11378
Lawrence Virgilio Playground,11377
Doughboy Plaza,11377
Sabba Park,11377
Sohncke Square,11377
Steinmann Triangle,11377
John Vincent Daniels Jr. Square,11377
Pigeon Paradise,11377
Hart Playground,11377
St. Michael's Playground,11377
Big Bush Park,11377
Nathan Weidenbaum Park,11377
Corporal Frank F. Fagan Sq.,11377
Park,11377
Latham Park,11377
Sherry Dog Run,11377
Spargo  Park,11377
Crosson Green,11377
Winfield Plaza,11377
Strippoli Square,11377
Sergeant Collins Triangle,11377
MacDonald Park,11375
Ehrenreich-Austin Playground,11375
Annadale Playground,11375
Russell Sage Playground,11375
Willow Lake Playground,11375
Barrier Playground,11375
Playground Sixty Two LXII,11375
Yellowstone Park,11375
Underbridge Dog Run,11375
Federoff Triangle,11375
Fleetwood Triangle,11374
The Painter's Playground,11374
Real Good Park,11374
Lost Battalion Hall Recreation Center,11374
Horace Harding Playground,11374
Remsen Family Cemetery,11374
Veterans Grove,11373
Newtown Playground,11373
Dunningham Triangle,11373
Nine Heroes Plaza,11373
Middleburgh Triangle,11373
Frank D. O'Connor Playground,11373
Grand Slope,11373
Horsebrook Island,11373
Crowley Playground,11373
Hoffman Park,11373
Sitting Area,11373
Moore Homestead Playground,11373
Long Island Mews,11373
Manuel De Dios Unanue Triangle,11373
Elmhurst Park,11373
Junction Playground,11372
Travers Park,11372
Northern Playground,11372
Rory Staunton Field,11372
Gorman Playground,11370
Bulova Park,11370
LaGuardia Landing Lights,11370
Carlos R. Lillo Park,11370
Trolley Car Triangle,11369
Veterans Plaza,11369
One Room Schoolhouse Park,11369
Barclay Triangle,11369
O'Sullivan Plaza,11369
Jackson Mill Green,11369
Overlook Park,11369
Playground Ninety,11369
East Elmhurst Playground,11369
Private William Gray Park,11369
Fisher Pool,11369
Park,11369
Park Of The Americas,11368
William F Moore Park,11368
Josephine Caminiti Playground,11368
Veteran's Square,11368
Corona Plaza,11368
American Triangle,11368
Hinton Park,11368
Louis Armstrong Playground,11368
Corona Golf Playground,11368
Louis Armstrong Community Center,11368
Simeone Park,11368
Corona Health Sanctuary,11368
Queens Valley Playground,11367
Vleigh Playground,11367
Pomonok Playground,11367
Judge Moses Weinstein Playground,11367
Turtle Playground,11367
Freedom Square Playground,11367
Cedar Grove Playground,11367
Playground Seventy Five,11366
Kissena Park,11365
Farm Playground,11365
Fresh Meadows Park,11365
Utopia Playground,11365
Holy Cow Playground,11365
Fresh Meadows Playground,11365
Electric Playground,11365
Emerald Playground,11365
Seven Gables Playground,11364
Motor Parkway,11364
Bell Malls,11364
Saul Weprin Playground,11364
Captain Dermody Triangle,11364
Tall Oak Playground,11364
Telephone Playground,11364
Alley Park,11364
Linnaeus Park,11364
Oakland Gardens,11364
Catharine Turner Richardson Park,11363
Glenwood Landing,11363
Admiral Park,11363
Udall's Park Preserve,11363
Alameda Malls,11362
Challenge Playground,11362
Nassau Mall,11362
Nassau Mall South,11362
Louis Pasteur Park,11362
Douglaston Park Golf Course,11362
Crocheron Park,11361
Kennedy Playground,11361
Mall Forty Two XLII,11361
Marie Curie Park,11361
Francis Lewis Playground,11361
Clearview Park Golf Course,11360
Bayside Fields,11360
Baybridge Green,11360
Bay Terrace Playground,11360
Fort Totten Park,11359
The Olde Towne of Flushing Burial Ground,11358
Plaut Triangle,11358
Studley Triangle,11358
Auburndale Playground,11358
Harvey Park,11357
Francis Lewis Park,11357
McKee Triangle,11357
Alexander Grey Triangle,11357
Playground Twenty One,11357
Whitestone Playground,11357
Willets Point Playground,11357
Clintonville Playground,11357
Macneil Park,11356
Poppenhusen Playground,11356
Mall Eighteen,11356
Poppenhusen Park,11356
Playground 115,11356
Frank Golden Park,11356
College Point Park,11356
Lawrence Triangle,11355
Maple Playground,11355
Kissena Corridor Park,11355
Bowne Playground,11355
Murray Hill Playground,11355
Bowne Park,11354
Margaret I. Carman Green - Weeping Beech,11354
Flushing Fields,11354
Flushing Greens,11354
Daniel Carter Beard Mall,11354
Leonard Square,11354
Travis Triangle,11354
Bland Playground,11354
Colden Playground,11354
Hart Playground,11354
Lewis H Latimer House,11354
Spring Creek Park,11239
Brooklyn Botanic Garden,11238
Cuyler Gore Park,11238
Brooklyn Museum,11238
Lowry Triangle,11238
Crispus Attucks Playground,11238
Mount Prospect Park,11238
Underhill Playground,11238
Greene Playground,11238
Stroud Playground,11238
Gateway Triangle,11238
Park,11238
Park,11238
Maria Hernandez Park,11237
Bushwick Playground,11237
Heisser Triangle,11237
Hope Ballfield,11237
Sledge Playground,11236
Linden Sitting Area,11236
Railroad Playground,11236
Bayview Playground,11236
Wilson Playground,11236
P.S. 279 Playground,11236
Bildersee Playground,11236
100% Playground,11236
Curtis Playground,11236
Remsen Playground,11236
Bill Brown Playground,11235
Homecrest Playground,11235
Sixteen Lindens Triangle,11235
Brighton Playground,11235
Sheepshead Playground,11235
Tucker Place,11235
Manhattan Beach Park,11235
Grady Playground,11235
Playground 286,11235
Yak Playground,11235
Sheepshead Bay Piers,11235
Holocaust Memorial Park,11235
Monsignor Crawford Field,11234
McGuire Fields,11234
Fraser Square,11234
Trust Triangle,11234
Barone Triangle,11234
Sunners Playground,11234
Sarsfield Playground,11234
Triangle,11234
Glenwood Playground,11234
Fox Playground,11234
Power Playground,11234
Jacob Joffe Fields,11234
Lindower Park,11234
Hickman Playground,11234
Bergen Beach Playground,11234
Four Sparrow Marsh,11234
Hendrick I. Lott House,11234
Fulton Park,11233
Saratoga Park,11233
Weeksville Playground,11233
Marion Hopkinson Playground,11233
Ocean Hill Playground,11233
South Pacific Playground,11233
Elizabeth Stroud Playground,11233
Decatur Playground,11233
Callahan-Kelly Playground,11233
Brevoort Playground,11233
Jackie Robinson Park,11233
El Shabazz Playground,11233
Fish Playground,11233
Carver Playground,11233
Saratoga Ballfields,11233
Sunset Park,11232
D'Emic Playground,11232
Gonzalo Plasencia Playground,11232
Bush Terminal Park,11232
Carroll Park,11231
Coffey Park,11231
St. Mary's Park,11231
St. Mary's Park,11231
Red Hook Recreation Area,11231
Todd Triangle,11231
Cough Triangle,11231
Admiral Triangle,11231
Harold Ickes Playground,11231
Dimattina Playground,11231
Dimattina Playground,11231
Mother Cabrini Park,11231
Valentino Pier,11231
Colonel David Marcus Playground,11230
Kolbert Playground,11230
Flatbush Malls,11230
Flatbush Mall,11230
Friends Field,11230
Kelly Park,11229
Sgt. Joyce Kilmer Triangle,11229
Kelly Park,11229
Mellett Playground,11229
Corporal Wiltshire Square,11229
Pfc Norton Playground,11229
Galapo Playground,11229
Herman Dolgon Playground,11229
Aimee Triangle,11229
McKinley Park,11228
Kathy Reilly Triangle,11228
Lt. Joseph Petrosino Park,11228
Park,11228
Patrick O'Rourke Park,11228
Parade Ground,11226
Parade Place,11226
Rolf Henry Playground,11226
Umma Park,11226
Lt. Federico Narvaez Tot Lot,11226
Dr. Ronald McNair Park,11225
Dodger Playground,11225
Parkside Playground,11225
Marc And Jason's Playground,11225
Jackie Robinson Playground,11225
Asser Levy Park,11224
Kaiser Park,11224
Poseidon Playground,11224
Nautilus Playground,11224
Luna Park,11224
Surf Playground,11224
Neptune Playground,11224
Abe Stark Skating Rink,11224
Century Playground,11224
The Cyclone,11224
Steeplechase Park,11224
Coney Island Creek Park,11224
Scarangella Park,11223
Ketchum Triangle,11223
Avenue R Mall,11223
Lady Moody Triangle,11223
Gravesend Triangle,11223
Meucci Triangle,11223
McDonald Playground,11223
West Playground,11223
Marlboro Playground,11223
Cutinella Triangle,11223
Old Gravesend Cemetery,11223
American Playground,11222
Fidelity Triangle,11222
Greenpoint Playground,11222
Msgr. McGolrick Park,11222
Newtown Barge Playground,11222
Lentol Garden,11222
Ericsson Playground,11222
WNYC Transmitter Park,11222
Beattie Square,11221
Lafayette Playground,11221
Freedom Triangle,11221
Heckscher Playground,11221
Raymond Bush Playground,11221
P.O. Reinaldo Salgado Playground,11221
Jesse Owens Playground,11221
Fermi Playground,11221
Eleanor Roosevelt Playground,11221
Owl's Head Park,11220
Martin Luther Playground,11220
Quaker Parrot Park at the Dust Bowl,11220
John Allen Payne Park,11220
Pena Herrera Park,11220
Rainbow Playground,11220
American Veterans Memorial Pier,11220
Alben Triangle,11219
Rappaport Playground,11219
Brizzi Playground,11219
Heffernan Triangle,11219
Park,11219
Greenwood Playground,11218
Dome Playground,11218
Thomas J. Cuite Park,11218
Park,11218
Seeley Park,11218
Sitting Area,11218
Park,11218
Park,11218
Park,11218
Albemarle Playground,11218
Di Gilio Playground,11218
Sixteen Sycamores Playground,11217
Thomas Greene Playground,11217
Nicholas Naquan Heyward Jr. Park,11217
Dean Playground,11217
Brooklyn Academy Of Music,11217
Park Slope Playground,11217
North Pacific Playground,11217
South Oxford Park,11217
Grant Gore,11216
Herbert Von King Park,11216
Banneker Playground,11216
St. Andrew's Playground,11216
John Hancock Playground,11216
Potomac Playground,11216
Hattie Carthan Playground,11216
Kosciuszko Pool,11216
Hattie Carthan Community Garden,11216
Bartel-Pritchard Square,11215
Machate Circle,11215
Prospect Park,11215
Ennis Playground,11215
J.J. Byrne Playground,11215
Washington Park,11215
Triangle Three Sixteen,11215
Park,11215
Park,11215
Park,11215
Detective Joseph Mayrose Park,11215
Butterfly Gardens,11215
Park,11215
Slope Park,11215
Bensonhurst Park,11214
Milestone Park,11214
Lafayette Playground,11214
Calvert Vaux Park,11214
Garibaldi Playground,11214
Bath Beach Park,11214
Coney Island Boat Basin,11214
Benson Playground,11214
Nellie Bly Park,11214
Bath Playground,11214
Brower Park,11213
St. John's Recreation Center,11213
Woods Playground,11213
Harmony Park,11213
Betsy Head Park,11212
Veterans Triangle,11212
Zion Triangle,11212
Powell Playground,11212
Park,11212
Howard Malls,11212
P.S. 125 Playground,11212
Dr. Green Playground,11212
Van Dyke Playground,11212
Howard Playground,11212
Howard Pool,11212
Brownsville Playground,11212
Kennedy King Playground,11212
Newport Playground,11212
Osborn Playground,11212
Chester Playground,11212
Houston Playground,11212
Livonia Park,11212
Floyd Patterson Ballfields,11212
Nehemiah Park,11212
Carter G. Woodson Children's Park,11212
East Flatbush Children's Park,11212
Cooper Park,11211
Memorial Gore,11211
Metropolitan Recreation Center,11211
Sobel Playground,11211
Cohn Triangle,11211
William Sheridan Playground,11211
Bedford Playground,11211
Berry Playground,11211
La Guardia Playground,11211
La Guardia Playground,11211
Continental Army Plaza,11211
Pvt. Sonsire Triangle,11211
Lithuania Square,11211
Classon Playground,11211
Classon Triangle,11211
Penn Triangle,11211
Park,11211
Marcy Park South,11211
Rodney Park South,11211
Rodney Park Center,11211
Rodney Park North,11211
Rodney Playground South,11211
Rodney Playground Center,11211
Rodney Playground North,11211
Marcy Green South,11211
Marcy Green Center,11211
Marcy Green North,11211
Jaime Campiz Playground,11211
Macri Triangle,11211
Father Giorgio Triangle,11211
Badame Sessa Triangle,11211
Mt. Carmel Triangle,11211
Frost Playground,11211
Roebling Playground,11211
Roberto Clemente Ballfield,11211
Jacob's Ladder Playground,11211
Grand Ferry Park,11211
Epiphany Playground,11211
Bushwick Inlet Park,11211
North 5th Street Pier and Park,11211
Amersfort Park,11210
Hot Spot Tot Lot,11210
Nostrand Playground,11210
Andries Playground,11210
Fort Hamilton Triangle,11209
John Paul Jones Park,11209
Russell Pedersen Playground,11209
Fort Hamilton Athletic Field,11209
Dan Ross Playground,11209
John J Carty Park,11209
Tom McDonald Triangle,11209
Cypress Hills Playground,11208
City Line Park,11208
Elton Playground,11208
Linwood Playground,11208
Triangle,11208
Sperandeo Brothers Playground,11208
Sam Leggio Triangle,11208
Belmont Playground,11208
Public Place,11208
Pink Playground,11208
Woodruff Playground,11208
Robert E. Venable Park,11208
Irving Square Park,11207
Martin Luther King Jr. Playground,11207
Grace Playground,11207
Lion's Pride Playground,11207
Rudd Playground,11207
Linden Park,11207
Jerome Playground,11207
Breukelen Ballfields,11207
Schenck Playground,11207
Tiger Playground,11207
Evergreen Playground,11207
Ethan Allen Playground,11207
Duke Park,11207
Thomas Boyland Park,11207
George Walker Jr. Park,11207
Sutter Ballfields,11207
Middleton Playground,11206
Sternberg Park,11206
Lindsay Triangle,11206
Martinez Playground,11206
Gilbert Ramirez Park,11206
Harmony Triangle,11206
Marcy Playground,11206
Sumner Playground,11206
Bartlett Playground,11206
Stockton Playground,11206
Charlie's Place,11206
Bushwick Playground,11206
Ten Eyck Playground,11206
Pulaski Playground,11206
Garden Playground,11206
Willoughby Playground,11206
De Hostos Playground,11206
Ten Eyck Plaza,11206
Green Central Knoll,11206
Lewis Playground,11206
Taaffe Playground,11205
Washington Hall Park,11205
Steuben Playground,11205
Albert J. Parham Playground,11205
Underwood Park,11205
Star Spangled Playground,11205
Pratt Playground,11205
Classon Playground,11205
Oxport Playground,11205
Oracle Playground,11205
Lafayette Gardens Playground,11205
Edmonds Playground,11205
Gravesend Park,11204
Seth Low Playground/ Bealin Square,11204
Dahill Triangle,11204
Samuel Goldberg Triangle,11204
Hamilton Metz Field,11203
Paerdegat Park,11203
Tilden Playground,11203
Wingate Park,11203
Harry Maze Playground,11203
Chiarantano Playground,11203
Fidler-Wyckoff House Park,11203
Commodore Barry Park,11201
Fort Stirling Park,11201
Van Voorhees Park,11201
McLaughlin Park,11201
Cadman Plaza Park,11201
Korean War Veterans Plaza,11201
Columbus Park,11201
Walt Whitman Park,11201
Pierrepont Playground,11201
Adam Yauch Park,11201
Brooklyn Heights Promenade,11201
Brooklyn Heights Promenade,11201
Brooklyn Heights Promenade,11201
Brooklyn Heights Promenade,11201
Brooklyn Heights Promenade,11201
Brooklyn Heights Promenade,11201
Brooklyn Heights Promenade,11201
Brooklyn Heights Promenade,11201
Brooklyn Heights Promenade,11201
Brooklyn Heights Promenade,11201
Fruit Street Sitting Area,11201
Squibb Park,11201
Hillside Park,11201
Harry Chapin Playground,11201
Anchorage Plaza,11201
Clumber Corner,11201
Bar and Grill Park,11201
Park,11201
Park,11201
Bridge Park,11201
Bridge Park 3,11201
Trinity Park,11201
Arbor Place,11201
Park,11201
Golconda Playground,11201
Cobble Hill Park,11201
Boerum Park,11201
University Place,11201
Rainey Park,11106
Astoria Health Playground,11106
Dutch Kills Playground,11106
Ravenswood Playground,11106
Spirit Playground,11106
Socrates Sculpture Park,11106
A.R.R.O.W. Field House,11106
Astoria Park,11105
Ralph Demarco Park,11105
Paul Raimonda Playground,11105
Woodtree Playground,11105
Ditmars Park,11105
Steinway Playground,11105
L/CPL Thomas P. Noonan Jr. Playground,11104
Torsney Playground,11104
Astoria Heights Park,11103
Columbus Square,11103
Sean's Place,11103
Triborough Bridge Playground B,11102
Triborough Bridge Playground C,11102
Triborough Bridge Playground D,11102
Triborough Bridge Playground E,11102
Hoyt Playground,11102
Sitting Area,11102
Chappetto Square,11102
Whitey Ford Field,11102
Van Alst Playground,11102
Athens Square,11102
Gordon Triangle,11101
McKenna Triangle,11101
Rafferty Triangle,11101
Andrews Grove,11101
Short Triangle,11101
Queensbridge Park,11101
Murray Playground,11101
Calvary Monument,11101
Dwyer Square,11101
Court Square Park,11101
Sixteen Oaks Grove,11101
Playground Thirty Five XXXV,11101
Bridge and Tunnel Park,11101
Vernon Mall,11101
Hunter's Point South Park,11101
Old Hickory Park,11101
Glen Oaks Oval,11004
Playground Eighty LXXX,11004
Hillside Park,11004
Co-op City Field,10475
Givans Creek Woods,10475
Joseph Rodman Drake Park,10474
Hunts Point Playground,10474
Barretto Park,10474
Julio Carballo Fields,10474
Barretto Point Park,10474
North Brother Island,10474
Hunts Point Riverside Park,10474
James Burke Ballfield,10473
Castle Hill Park,10473
Woodrow Wilson Triangle,10473
Pugsley Creek Park,10473
Soundview Park,10473
P.O. Serrano Playground,10473
Randall Playground,10473
Story Playground,10473
Space Time Playground,10473
Harding Park,10473
Church Triangle,10472
Watson Gleason Playground,10472
Park,10472
St. Lawrence Triangle,10472
Park,10472
Playground 174,10472
Colgate Close,10472
Black Rock Playground,10472
Haviland Playground,10472
Sheridan Triangle,10471
Hackett Park,10471
Bell Tower Park,10471
Vinmont Veteran Park,10471
Wave Hill,10471
MacLaughlin Playground,10471
Raoul Wallenberg Forest,10471
Rita Ley Triangle,10470
Wakefield Playground,10470
Eastchester Playground,10469
Mazzei Playground,10469
Allerton Playground,10469
Givan Square,10469
Haffen Park,10469
Burns Playground,10469
Aqueduct Walk,10468
Barnhill Square,10468
Devoe Park,10468
Muller Triangle,10468
Washington's Walk,10468
St. James Park,10468
University Woods,10468
Harris Park,10468
Jerome Park,10468
Fordham Landing Playground,10468
Risse Street Park,10468
D'Onofrio Square,10467
Zimmerman Playground,10467
Williamsbridge Square,10467
Williamsbridge Oval,10467
Gun Hill Playground,10467
Parkside Playground,10467
Agnes Haywood Playground,10467
Whalen Park,10467
Magenta Playground,10467
Valentine Varian House,10467
Boston Garden,10467
Seton Falls Park,10466
Rienzi Playground,10466
Edenwald Playground,10466
Stars & Stripes Playground,10466
Ferry Point Park,10465
Derosa O'Boyle Triangle,10465
Bruckner Playground,10465
Bicentennial Veterans Memorial Park,10465
Palmer Inlet,10465
Locust Point Marina,10465
Hawkins Park,10464
Ambrosini Field,10464
City Island Wetlands,10464
Ewen Park,10463
Major General John R Brown Triangle,10463
Henry Hudson Park,10463
Spuyten Duyvil Shorefront Park,10463
Park,10463
Phyllis Post Goodman Park,10463
Park,10463
Siren Slope,10463
Crescent Park,10463
Cooney Grauer Field,10463
Bailey Playground,10463
Van Cortlandt's Tail,10463
Spuyten Duyvil Playground,10463
Riverdale Playground,10463
Kingsbridge Heights Community Center,10463
Van Nest Park,10462
Virginia Playground,10462
Chief Dennis L. Devlin Park,10462
Havemeyer Playground,10462
Caserta Playground,10462
Castle Hill Playground,10462
Matthews Muliner Playground,10462
Castle Hill Little League Field,10462
Owen F. Dolen Park,10461
Schneider Sampson Square,10461
Samuel H. Young Park,10461
Bufano Park,10461
Colucci Playground,10461
Miele Park,10461
Loreto Playground,10461
The Pearly Gates,10461
Pelham Bay Little League,10461
Ferris Family Burial Plot,10461
Crotona Parkway Malls,10460
Young Park,10460
Noble Playground,10460
Fairmount Playground,10460
Boone Slope,10460
Wood Park,10460
Taylor Playground,10460
Mapes Pool,10460
Vidalia Park,10460
Eae J Mitchell Park,10460
Rock Garden Park,10460
Seabury Park,10460
West Farms Rapids,10460
Mapes Ballfield,10460
West Farms Soldiers Cemetery,10460
Mohegan Triangle,10460
Monsignor Raul Del Valle Square,10459
Horseshoe Playground,10459
Benjamin Gladstone Square,10459
Lyons Square Park,10459
Bryant Triangle,10459
Rev J Polite Playground,10459
Freeman Triangle,10459
Daniel Boone Playground,10459
Dawson Playground,10459
Tiffany Playground,10459
Stebbins Playground,10459
Rainey Park,10459
Field Of Dreams Park,10459
Printer's Park,10459
Longfellow Park,10459
Bryan Park,10458
Poe Park,10458
Rose Hill Park,10458
Sergeant Johnson Triangle,10458
Flood Triangle,10458
D'Auria-Murphy Triangle,10458
Slattery Playground,10458
Ciccarone Park,10458
Webster Playground,10458
Mosholu Playground,10458
Washington Park,10458
Thorpe Family Playground,10458
Bergen Triangle,10457
Claremont Park,10457
Tremont Park,10457
Richman (Echo) Park,10457
Murphy Triangle,10457
O'Brien Oval,10457
Hutton Triangle,10457
Whalen Grove,10457
Belmont Playground,10457
Barry Plaza,10457
Morris Mesa,10457
Peace Park,10457
Admiral Farragut Playground,10457
Prospect Playground,10457
Bathgate Playground,10457
Cleopatra Playground,10457
Quarry Ballfields,10457
Stop & Go Playground,10457
Little Claremont Park,10457
Drew Playground,10456
Hines Park,10456
McKinley Square,10456
Park,10456
Michel Triangle,10456
Beatty Plaza,10456
Franklin Triangle,10456
Charlton Garden,10456
Hilton White Playground,10456
Mott Playground,10456
Behagen Playground,10456
Dunbar Playground,10456
Morgan Playground,10456
Gouverneur Playground,10456
Youth Village,10456
Estella Diggs Park,10456
Grant Park,10456
Rev Lena Irons Unity Park,10456
Martin Luther King Triangle,10455
Playground 52 LII,10455
Captain Rivera Playground,10455
Pontiac Playground,10455
Abigail Playground,10455
I-Am-Park,10455
Fountain Of Youth Playground,10455
Grove Hill Playground,10455
Fox Playground,10455
Tiffany Street Pier,10455
Pulaski Park,10454
People's Park,10454
Alexander's Alley,10454
Lozada Playground,10454
Playground One Thirty Four CXXXIV,10454
Gouverneur Morris Triangle,10454
Millbrook Playground,10454
Clark Playground,10454
Willis Playground,10454
Saw Mill Playground,10454
Brook Park,10454
Ranaqua Park,10454
5 Borough Shops,10454
Echo Triangle,10453
Featherbed Triangle,10453
University Malls,10453
Cedar Playground,10453
Devanney Triangle,10453
Jennie Jerome Playground,10453
Sedgwick Playground,10453
Grand Playground,10453
Mount Hope Playground,10453
Galileo Playground,10453
Mount Hope Garden,10453
Beanstalk Playground,10453
Walton Park,10453
Morris Garden,10453
Half-Nelson Playground,10453
Davidson Playground,10453
Mullaly Park,10452
Keltch Park,10452
Martin Luther King Triangle,10452
Jerome Slope,10452
Goble Playground,10452
Highbridge Park,10452
Plimpton Playground,10452
Bridge Playground,10452
Park,10452
Park,10452
Park,10452
Featherbenches,10452
Inwood Park,10452
Jerome Playground South,10452
Merriam Playground,10452
Nelson Playground,10452
West Bronx Recreation Center,10452
Cpl Fischer Park,10452
Ogden Plimpton Playground,10452
Graham Triangle,10451
Joyce Kilmer Park,10451
Railroad Park,10451
Ryan Triangle,10451
Franz Sigel Park,10451
Triangle,10451
O'Neill Triangle,10451
Garrison Playground,10451
Flynn Playground,10451
Melrose Playground,10451
Patterson Playground,10451
Mill Pond Park,10451
River Avenue Parks,10451
Melrose Commons Park,10451
P.S. 29 Ballfield,10451
Greenbelt Native Plant Center,10314
Westerleigh Park,10314
Willowbrook Park,10314
Schmul Park,10314
Dodgers Triangle,10314
Toad Hall Playground,10314
Clove's Tail,10314
Father Macris Park,10314
Westwood Park,10314
Ingram Woods,10314
Sports Park,10314
Jennifer's Playground,10314
Pralls Island,10314
Gaeta Park,10314
Blood Root Valley,10314
Saw Mill Creek Marsh,10314
Staten Island Industrial Park,10314
Isle Of Meadows,10314
Sylvan Grove Cemetery,10314
Old Place Creek Park,10314
Meredith Woods,10314
Annadale Green,10312
E.M.T. Christopher J. Prescott Playground,10312
Lieutenant John H. Martinson Playground,10312
Park,10312
Ida Court,10312
Park,10312
Park,10312
Drumgoole Tot Lot,10312
Wegener Park,10312
Blue Heron Park,10312
Arden Woods,10312
Huguenot Ponds Park,10312
Bunker Ponds Park,10312
Arbutus Woods Park,10312
Bayview Terrace Park,10312
Kingdom Pond Park,10312
Carlton Park,10312
Laredo Avenue Parcel,10312
Olmsted-Beil House Park,10312
Blueberry Park,10312
Barrett Park,10310
Walker Park,10310
Austin J. McDonald Park,10310
Prall Playground,10310
CPL. Thompson Park,10310
Richmond Terrace Cemetery,10310
Heritage Park,10310
Pleasant Plains Plaza,10309
Long Pond Park,10309
Aesop Park,10309
Carlton Park,10309
Lemon Creek Park,10309
Bloomingdale Park,10309
Fairview Park,10309
Sleight Family Graveyard,10309
Great Kills Park,10308
Greencroft Playground,10308
Siedenburg Park,10308
King Fisher Park,10308
Seaside Wildlife Nature Park,10308
Tottenville Pool,10307
Hybrid Oak Woods Park,10307
Tottenville Shore Park,10307
Amundsen Circle,10306
Great Kills Park,10306
Dugan Playground,10306
Midland Playground,10306
Midland Field,10306
Park,10306
Gen. Douglas MacArthur Park,10306
Clawson Playground,10306
New Dorp Park,10306
Staats Circle,10305
White Playground,10305
De Matti Park,10305
Kaltenmeier Playground,10305
Von Briesen Park,10305
Arrochar Playground,10305
Old Town Playground,10305
Bradys Pond Park,10305
Dongan Playground,10305
South Beach Wetlands,10305
Last Chance Pond Park,10305
Ocean Breeze Park,10305
Tappen Park,10304
Maple Woods,10304
Stapleton Playground,10304
Naples Playground,10304
Eibs Pond Park,10304
Lopez Playground,10304
Sobel Court Park,10304
South Clove Road Cemetery,10304
Targee Street Triangle,10304
Stapleton Esplanade,10304
Mariners Harbor Playground,10303
Forest Grove,10303
The Big Park,10303
Joseph Manna Park,10303
Shooters Island,10303
Graniteville Swamp Park,10303
Graniteville Quarry Park,10303
Richmond Terrace Wetlands,10303
Faber Pool and Park,10302
Veterans Park,10302
Egbert Triangle,10302
Levy Park,10302
Markham Playground,10302
Northerleigh Park,10302
Barrett Triangle,10301
Hero Park,10301
Forest Mall,10301
Silver Lake Park,10301
Tompkinsville Park,10301
Mahoney Playground,10301
Liotti Ikefugi Playground,10301
Lyons Pool,10301
Park,10301
Jones Woods Park,10301
Allison Pond Park,10301
Park,10301
North Shore Esplanade,10301
Terrace Playground,10301
St. George Park,10301
Davis Playground,10301
Lt. Lia Playground,10301
Skyline Playground,10301
Fort Hill Park,10301
Goodhue Park,10301
Battery Park City,10280
Park,10128
Mill Rock Park,10128
Samuel Seabury Playground,10128
Asphalt Green,10128
Ruppert Park,10128
St. Catherine's Park,10065
Twenty-Four Sycamores Park,10065
Fort Tryon Park,10040
Gorman Park,10040
Sherman Creek,10040
Jackie Robinson Park,10039
Colonel Charles Young Triangle,10039
Bill Bojangles Robinson Playground,10039
Harlem Lane Playground,10039
Frederick Johnson Playground,10039
Holcombe Rucker Park,10039
Robert L. Clinkscales Playground and Community Garden,10039
Peck Slip,10038
Catherine Slip Malls,10038
Alfred E. Smith Playground,10038
Playground One,10038
Kimlau Square,10038
St. James Triangle,10038
James Madison Plaza,10038
Pearl St Playground,10038
DeLury Square,10038
Imagination Playground,10038
William McCray Playground,10037
Hansborough Recreation Center,10037
Courtney Callender Playground,10037
Col. Young Playground,10037
Abraham Lincoln Playground,10037
Moore Playground,10037
Harlem River Park,10037
Howard Bennett Playground,10037
Father Duffy Square,10036
Mathews - Palmer Playground,10036
McCaffrey Playground,10036
Hell's Kitchen Park,10036
Ramon Aponte Park,10036
Randall's Island Park,10035
Wards Island Park,10035
Louis Cuvillier Park,10035
Park,10035
Triboro Plaza,10035
Harlem Art Park,10035
Alice Kornegay Triangle,10035
Each One Teach One,10035
Harlem River Park,10035
Crack Is Wack Playground,10035
Harlem River Park,10035
Harlem River Park,10035
Wagner Playground,10035
P.S. 155 Playground,10035
Eugene McCabe Field,10035
Wagner Houses Pool,10035
Dr. Ronald E. McNair Playground,10035
Dream Street Park,10035
Dyckman House Museum,10034
Isham Park,10034
Lt. Wm. Tighe Triangle,10034
Monsignor Kett Playground,10034
Bennett Park,10033
Plaza Lafayette,10033
J. Hood Wright Park,10033
West 186th Street Basketball Court,10033
Mitchel Square,10032
Roger Morris Park,10032
Haven Avenue,10032
Broadway Malls,10032
Bushman Steps,10032
McKenna Square,10032
Wright Brothers Playground,10032
Audubon Playground,10032
Annunciation Park,10031
Carmansville Park,10031
Donnellan Square,10031
Johnny Hartman Square,10031
Alexander Hamilton Playground,10031
Montefiore Square,10031
Jacob H. Schiff Playground,10031
Convent Garden,10031
Dorrance Brooks Square,10030
Fred Samuel Playground,10030
Renaissance Playground,10030
Abyssinian Tot Lot,10030
Thomas Jefferson Park,10029
Playground 103 CIII,10029
James Weldon Johnson Playground,10029
White Park,10029
Peter Minuit Playground,10029
Marx Brothers Playground,10029
Mae Grant Playground,10029
Blake Hobbs Playground,10029
Cherry Tree Park,10029
Poor Richard's Playground,10029
East River Playground,10029
Harlem RBI,10029
Pier 107 CVII,10029
Sunshine Playground,10029
Carl Schurz Park,10028
Hancock Park,10027
Marcus Garvey Park,10027
Sakura Park,10027
Roosevelt Triangle,10027
Sheltering Arms Playground,10027
Playground One Twenty Five CXXV,10027
St. Nicholas Playground South,10027
St. Nicholas Playground North,10027
Old Croton Aqueduct Gatehouse,10027
A Philip Randolph Square,10026
Morningside Park,10026
Lafayette Square,10026
Samuel Marx Triangle,10026
Martin Luther King Jr. Park,10026
Straus Park,10025
Booker T. Washington Playground,10025
Anibal Aviles Playground,10025
Frederick Douglass Playground,10025
Happy Warrior Playground,10025
Bloomingdale Playground,10025
Sol Bloom Playground,10025
Theodore Roosevelt Park,10024
Tecumseh Playground,10024
Playground Eighty Nine LXXXIX,10024
St. Gregory's Playground,10024
Dante Park,10023
Richard Tucker Square,10023
Gertrude Ederle Recreation Center,10023
Sherman Square,10023
Verdi Square,10023
Samuel N. Bennerson 2nd Playground,10023
Damrosch Park,10023
Lincoln Center Plaza,10023
Matthew P. Sapolin Playground,10023
Septuagesimo UNO,10023
Queensboro Oval,10022
Peter Detmold Park,10022
Sutton Parks,10022
Sutton Place Park,10022
Recreation Center 54,10022
14 Honey Locusts Park,10022
Tramway Plaza,10022
John Jay Park,10021
Planeview Park,10021
South Brother Island,10021
De Witt Clinton Park,10019
Grand Army Plaza,10019
Gutenberg Playground,10019
Bryant Park,10018
Robert Moses Playground,10017
Trygve Lie Plaza,10017
Ralph Bunche Park,10017
Dag Hammarskjold Plaza,10017
Mary O'Connor Playground,10017
Tudor Grove Playground,10017
MacArthur Park,10017
Park Avenue Malls,10016
St. Vartan Park,10016
Bellevue South Park,10016
Vincent F. Albano Jr. Playground,10016
East River Esplanade,10016
Abingdon Square,10014
Christopher Park,10014
Downing Street Playground,10014
James J Walker Park,10014
Jackson Square,10014
Tony Dapolito Recreation Center,10014
Playground of the Americas,10014
Charlton Plaza,10014
McCarthy Square,10014
Father Demo Square,10014
Corporal John A. Seravalli Playground,10014
Bleecker Playground,10014
Sheridan Square Viewing Garden,10014
Tribeca Park,10013
Columbus Park,10013
Duane Park,10013
Albert Capsouto Park,10013
Grand Canal Court,10013
Collect Pond Park,10013
Duarte Square,10013
Washington Market Park,10013
Canal Park,10013
Vesuvio Playground,10012
William F. Passannante Ballfield,10012
Minetta Green,10012
Minetta Playground,10012
West 4th Street Courts,10012
Minetta Triangle,10012
Petrosino Square,10012
DeSalvio Playground,10012
Mercer Playground,10012
Fiorello La Guardia Park,10012
Dr. Gertrude B. Kelly Playground,10011
Washington Square Park,10011
Clement Clarke Moore Park,10011
West 20th Street Park,10011
NYC AIDS Memorial Park at St. Vincent?s Triangle,10011
Madison Square Park,10010
Worth Square,10010
Asser Levy Playground,10010
Peter's Field,10010
Murphy's Brother's Playground,10009
Tompkins Square Park,10009
Joseph C. Sauer Park,10009
Wald Playground,10009
Gustave Hartman Square,10009
McKinley Playground,10009
Dry Dock Playground,10009
Lower East Side Playground,10009
City Hall Park,10007
Thomas Paine Park,10007
Tribeca Dog Run,10007
The Queen Elizabeth II September 11th Garden,10005
Mannahatta Park,10005
Bowling Green,10004
Vietnam Veterans Plaza,10004
Coenties Slip,10004
Cooper Triangle,10003
Stuyvesant Square,10003
Union Square Park,10003
Peretz Square,10003
First Park,10003
Abe Lebewohl Park,10003
Abe Lebewohl Triangle,10003
Augustus St. Gaudens Playground,10003
The Public Theater,10003
Merchant's House Museum,10003
Ahearn Park,10002
Allen Mall One,10002
Corlears Hook Park,10002
Coleman Playground,10002
Hamilton Fish Park,10002
Lillian D Wald Playground,10002
Luther Gulick Park,10002
Sophie Irene Loeb,10002
Schiff Mall,10002
Seward Park,10002
Sara D. Roosevelt Park,10002
ABC Playground,10002
Captain Jacob Joseph Playground,10002
Little Flower Playground,10002
John V. Lindsay East River Park,10002
Baruch Playground,10002
Cherry Clinton Playground,10002
Vladeck Park,10002
Sidney Hillman Playground,10002
Tanahey Playground,10002
Straus Square,10002
Henry M. Jackson Playground,10002
Sol Lain Plgd,10002
Nathan Straus Playground,10002
Pier 42,10002
Chelsea Park,10001
Greeley Square Park,10001
Herald Square,10001
Penn South Playground,10001
Chelsea Recreation Center,10001
